,freqs,usess,value
0,"29,7000 – 30,0050",MOBIL,1
1,"30,0050 – 30,0100",MOBIL,1
2,"30,0100 – 33,1000",MOBIL,1
3,"33,1000 – 33,6000",MOBIL,1
4,"33,6000 – 34,9750",MOBIL,1
5,"34,9750 – 35,2500",MOBIL,1
6,"35,2500 – 36,8000",MOBIL,1
7,"36,8000 – 37,5000",MOBIL,1
8,"37,5000 – 38,2500",MOBIL,1
9,"37,5000 – 38,2500",RADIOASTRONOMIE,1
10,"38,2500 – 39,0000",MOBIL,1
11,"39,0000-39,5000",MOBIL,1
12,"39,5000-39,9860",MOBIL,1
13,"39,9860 – 40,0200",MOBIL,1
14,"39,9860 – 40,0200",CERCETARE SPAȚIALĂ,1
15,"40,0200 – 40,3000",MOBIL,1
16,"40,3000 – 40,6600",MOBIL,1
17,"40,6600 – 40,7000",MOBIL,1
18,"40,7000 – 40,9800",MOBIL,1
19,"40,9800 – 41,0150",MOBIL,1
20,"40,9800 – 41,0150",CERCETARE SPAȚIALĂ,1
21,"41,0150 – 42,0000",MOBIL,1
22,"42,0000 – 42,5000",FIX,1
23,"42,0000 – 42,5000",MOBIL,1
24,"42,5000 – 44,0000",MOBIL,1
25,"44,0000 – 44,5000",MOBIL,1
26,"44,5000 – 45,2000",MOBIL,1
27,"45,2000 – 46,4000",MOBIL,1
28,"46,4000 – 47,0000",MOBIL,1
29,"47,0000 – 48,0000",MOBIL TERESTRU,1
30,"48,0000 – 49,0000",MOBIL TERESTRU,1
31,"49,0000 – 50,0000",MOBIL TERESTRU,1
32,"50,0000 – 52,0000",MOBIL TERESTRU,1
33,"50,0000 – 52,0000",AMATOR,1
34,"52,0000 – 54,0000",MOBIL TERESTRU,1
35,"54,0000 –54,5000",MOBIL TERESTRU,1
36,"54,5000 – 61,0000",MOBIL TERESTRU,1
37,"61,0000 – 61,5000",MOBIL TERESTRU,1
38,"61,5000 – 68,0000",MOBIL TERESTRU,1
39,"68,0000 – 70,4500",MOBIL,1
40,"68,0000 – 70,4500",AMATOR,1
41,"70,4500 – 72,0000",MOBIL CU EXCEPTIA MOBIL AERONAUTIC,1
42,"70,4500 – 72,0000",RADIOASTRONOMIE,1
43,"72,0000 – 73,0000",MOBIL CU EXCEPTIA MOBIL AERONAUTIC,1
44,"72,0000 – 73,0000",RADIOASTRONOMIE,1
45,"73,0000 – 73,3000",MOBIL CU EXCEPTIA MOBIL AERONAUTIC,1
46,"73,0000 – 73,3000",RADIOASTRONOMIE,1
47,"73,3000 – 74,1000",MOBIL CU EXCEPTIA MOBIL AERONAUTIC,1
48,"73,3000 – 74,1000",RADIOASTRONOMIE,1
49,"74,1000 – 74,8000",MOBIL CU EXCEPTIA MOBIL AERONAUTIC,1
50,"74,1000 – 74,8000",RADIOASTRONOMIE,1
51,"74,8000 – 75.2000",RADIONAVIGATIE AERONAUTICA,1
52,"75.2000 – 76,0000",MOBIL,1
53,"76,0000 -77,8000",MOBIL,1
54,"77,8000 – 79,0000",MOBIL,1
55,"79,0000 – 79,7000",MOBIL,1
56,"79,7000 – 84,6000",MOBIL,1
57,"84,6000 – 85,0000",MOBIL,1
58,"85,0000 – 85,8000",MOBIL,1
59,"85,8000 – 87,5000",MOBIL,1
60,"87,5000 – 100,0000",RADIODIFUZIUNE,1
61,"100,0000 – 108,0000",RADIODIFUZIUNE,1
62,"108,0000 – 117,9750",RADIONAVIGAȚIE AERONAUTICĂ,1
63,"108,0000 – 117,9750",MOBIL AERONAUTIC (R),1
64,"117,9750 – 121,4500",MOBIL AERONAUTIC (R),1
65,"121,4500 – 121,5500",MOBIL AERONAUTIC (R),1
66,"121,5500 – 136,0000","MOBIL AERONAUTIC (R), (OR)",1
67,"136,0000 – 137,0000",MOBIL AERONAUTIC (R),1
68,"137,0000 – 137,0250",METEOROLOGIC PRIN SATELIT (SPAȚIU-PĂMÂNT),1
69,"137,0000 – 137,0250",MOBIL,1
70,"137,0000 – 137,0250",MOBIL PRIN SATELIT (SPAȚIU-PĂMÂNT),1
71,"137,0000 – 137,0250",EXPLOATARE SPAȚIALĂ (SPAȚIU-PĂMÂNT),1
72,"137,0000 – 137,0250",CERCETARE SPAȚIALĂ (SPAȚIU-PĂMÂNT),1
73,"137,0250- 137,1750",METEOROLOGIC PRIN SATELIT (SPAȚIU-PĂMÂNT),1
74,"137,0250- 137,1750",MOBIL,1
75,"137,0250- 137,1750",MOBIL PRIN SATELIT (SPAȚIU-PĂMÂNT),1
76,"137,0250- 137,1750",EXPLOATARE SPAȚIALĂ (SPAȚIU-PĂMÂNT),1
77,"137,0250- 137,1750",CERCETARE SPAȚIALĂ (SPAȚIU-PĂMÂNT),1
78,"137,1750 – 137,8250",METEOROLOGIC PRIN SATELIT (SPAȚIU-PĂMÂNT),1
79,"137,1750 – 137,8250",MOBIL,1
80,"137,1750 – 137,8250",MOBIL PRIN SATELIT (SPAȚIU-PĂMÂNT),1
81,"137,1750 – 137,8250",EXPLOATARE SPAȚIALĂ (SPAȚIU-PĂMÂNT),1
82,"137,1750 – 137,8250",CERCETARE SPAȚIALĂ (SPAȚIU-PĂMÂNT),1
83,"137,8250 – 138,0000",METEOROLOGIC PRIN SATELIT (SPAȚIU-PĂMÂNT),1
84,"137,8250 – 138,0000",MOBIL,1
85,"137,8250 – 138,0000",MOBIL PRIN SATELIT (SPAȚIU-PĂMÂNT),1
86,"137,8250 – 138,0000",EXPLOATARE SPAȚIALĂ (SPAȚIU-PĂMÂNT),1
87,"137,8250 – 138,0000",CERCETARE SPAȚIALĂ (SPAȚIU-PĂMÂNT),1
88,"138,0000 – 143,6000",MOBIL AERONAUTIC (OR),1
89,"138,0000 – 143,6000",MOBIL TERESTRU,1
90,"138,0000 – 143,6000",CERCETARE SPAȚIALĂ (SPAȚIU-PĂMÂNT),1
91,"143,6000 – 143,6500",MOBIL AERONAUTIC (OR),1
92,"143,6000 – 143,6500",MOBIL TERESTRU,1
93,"143,6000 – 143,6500",CERCETARE SPAȚIALĂ (SPAȚIU-PĂMÂNT),1
94,"143,6500 – 144,0000",MOBIL AERONAUTIC (OR),1
95,"143,6500 – 144,0000",MOBIL TERESTRU,1
96,"144,0000 – 146,0000",AMATOR,1
97,"144,0000 – 146,0000",AMATOR PRIN SATELIT,1
98,"146,0000 – 146,8000",MOBIL,1
99,"146,8000 – 148,0000",MOBIL,1
100,"148,0000 – 149,0000",MOBIL,1
101,"148,0000 – 149,0000",MOBIL PRIN SATELIT (PAMÂNT-SPAȚIU),1
102,"149,0000-149,5500",MOBIL,1
103,"149,0000-149,5500",MOBIL PRIN SATELIT (PAMÂNT-SPATIU),1
104,"149,5500-149,8000",MOBIL,1
105,"149,5500-149,8000",MOBIL PRIN SATELIT (PAMÂNT-SPATIU),1
106,"149,8000-149,9000",MOBIL,1
107,"149,8000-149,9000",MOBIL PRIN SATELIT (PAMÂNT-SPATIU),1
108,"149,9000 – 150,0500",MOBIL,1
109,"149,9000 – 150,0500",MOBIL PRIN SATELIT (PAMÂNT-SPATIU),1
110,"150,0500 – 152,8500",MOBIL CU EXCEPȚIA MOBIL AERONAUTIC,1
111,"150,0500 – 152,8500",RADIOASTRONOMIE,1
112,"152,8500-152,9500",MOBIL CU EXCEPȚIA MOBIL AERONAUTIC,1
113,"152,8500-152,9500",RADIOASTRONOMIE,1
114,"152,9500 - 153,0000",MOBIL CU EXCEPȚIA MOBIL AERONAUTIC,1
115,"152,9500 - 153,0000",RADIOASTRONOMIE,1
116,"153,0000 - 153,2500",MOBIL CU EXCEPȚIA MOBIL AERONAUTIC (R),1
117,"153,2500 – 154,0000",MOBIL CU EXCEPȚIA MOBIL AERONAUTIC (R),1
118,"154,0000 – 154,1000",MOBIL CU EXCEPȚIA MOBIL AERONAUTIC (R),1
119,"154,1000 - 154,4500",MOBIL CU EXCEPȚIA MOBIL AERONAUTIC (R),1
120,"154,4500 - 154,850",MOBIL CU EXCEPȚIA MOBIL AERONAUTIC (R),1
121,"154,8500 – 155,1000",MOBIL CU EXCEPȚIA MOBIL AERONAUTIC (R),1
122,"155,1000 – 155,4000",MOBIL CU EXCEPȚIA MOBIL AERONAUTIC (R),1
123,"155,4000 – 155,6000",MOBIL CU EXCEPȚIA MOBIL AERONAUTIC (R),1
124,"155,6000 – 156,0000",MOBIL CU EXCEPȚIA MOBIL AERONAUTIC (R),1
125,"156,0000 –  156,4875",MOBIL CU EXCEPȚIA MOBIL AERONAUTIC (R),1
126,"156,4875 – 156,5125",MOBIL MARITIM (PRIMEJDIE ŞI APEL PRIN DSC),1
127,"156,5125 – 156,5375",MOBIL MARITIM (PRIMEJDIE ȘI APEL),1
128,"156,5375 - 156,5625",MOBIL CU EXCEPŢIA MOBIL AERONAUTIC (R),1
129,"156,5375 - 156,5625",MOBIL MARITIM (PRIMEJDIE ŞI APEL VIA DSC),1
130,"156,5625 – 156,7625",MOBIL CU EXCEPŢIA MOBIL AERONAUTIC (R),1
131,"156,7625 – 156,7875",MOBIL MARITIM (PRIMEJDIE ŞI APEL),1
132,"156,7875 – 156,8125",MOBIL MARITIM (PRIMEJDIE ŞI APEL),1
133,"156,8125 – 156,8375",MOBIL MARITIM,1
134,"156,8125 – 156,8375",MOBIL PRIN SATELIT (PĂMÂNT-SPAȚIU),1
135,"156,8375 – 157,4500",MOBIL CU EXCEPȚIA MOBIL AERONAUTIC,1
136,"157,4500 – 159,1750",MOBIL CU EXCEPȚIA MOBIL AERONAUTIC,1
137,"159,1750 – 159,5000",MOBIL CU EXCEPȚIA MOBIL AERONAUTIC,1
138,"159,5000 – 160,0000",MOBIL CU EXCEPȚIA MOBIL AERONAUTIC,1
139,"160,0000 – 160,6000",MOBIL CU EXCEPȚIA MOBIL AERONAUTIC,1
140,"160,6000 – 160,9750",MOBIL CU EXCEPȚIA MOBIL AERONAUTIC,1
141,"160,9750 – 161,1250",MOBIL CU EXCEPȚIA MOBIL AERONAUTIC,1
142,"161,1250 – 161,2750",MOBIL CU EXCEPȚIA MOBIL AERONAUTIC,1
143,"161,2750 - 161,4750",MOBIL CU EXCEPȚIA MOBIL AERONAUTIC,1
144,"161,4750-161,9375",MOBIL CU EXCEPȚIA MOBIL AERONAUTIC,1
145,"161,9375 - 161,9625",MOBIL CU EXCEPȚIA MOBIL AERONAUTIC,1
146,"161,9375 - 161,9625",MOBIL MARITIM PRIN SATELIT (PĂMÂNT-SPATIU),1
147,"161,9625 - 161,9875",MOBIL CU EXCEPȚIA MOBIL AERONAUTIC,1
148,"161,9625 - 161,9875",MOBIL PRIN SATELIT (PĂMÂNT-SPAȚIU),1
149,"161,9875 - 162,0125",MOBIL MARITIM PRIN SATELIT (PĂMÂNT-SPAȚIU),1
150,"161,9875 - 162,0125",MOBIL CU EXCEPȚIA MOBIL AERONAUTIC ,1
151,"162,0125-162,0375",MOBIL CU EXCEPȚIA MOBIL AERONAUTIC,1
152,"162,0375-162,0500",MOBIL CU EXCEPȚIA MOBIL AERONAUTIC,1
153,"162,0500 – 164,0500",MOBIL CU EXCEPȚIA MOBIL AERONAUTIC,1
154,"164,0500 - 164,3000",MOBIL CU EXCEPȚIA MOBIL AERONAUTIC,1
155,"164,3000 - 165,2000",MOBIL CU EXCEPȚIA MOBIL AERONAUTIC,1
156,"165,2000 - 165,2250",MOBIL CU EXCEPȚIA MOBIL AERONAUTIC,1
157,"165,2250 – 165,4250",MOBIL CU EXCEPȚIA MOBIL AERONAUTIC,1
158,"165,4250 – 165,7750",MOBIL CU EXCEPȚIA MOBIL AERONAUTIC,1
159,"165,7750 – 167,0000",MOBIL CU EXCEPȚIA MOBIL AERONAUTIC,1
160,"167,0000 - 169,4000",MOBIL CU EXCEPȚIA MOBIL AERONAUTIC,1
161,"169,4000 - 169,8125",MOBIL CU EXCEPȚIA MOBIL AERONAUTIC,1
162,"169,8125 – 170,0000",MOBIL CU EXCEPȚIA MOBIL AERONAUTIC,1
163,"170,0000 - 171,0000",MOBIL CU EXCEPȚIA MOBIL AERONAUTIC,1
164,"171,0000 – 171,4000",MOBIL CU EXCEPȚIA MOBIL AERONAUTIC,1
165,"171,4000 – 171,6000",MOBIL CU EXCEPȚIA MOBIL AERONAUTIC,1
166,"171,6000 - 174,0000",MOBIL CU EXCEPȚIA MOBIL AERONAUTIC,1
167,"174,0000 - 216,0000",RADIODIFUZIUNE,1
168,"216,0000 - 223,0000",RADIODIFUZIUNE,1
169,"223,0000 - 225,0000",RADIODIFUZIUNE,1
170,"225,0000 -230,0000",RADIODIFUZIUNE,1
171,"225,0000 -230,0000",MOBIL TERESTRU,1
172,"230,0000 - 235,0000",MOBIL,1
173,"235,0000 - 240,0000",MOBIL,1
174,"240,0000 - 242,9500",MOBIL,1
175,"242,9500 - 243,0500",MOBIL AERONAUTIC,1
176,"243,0500 - 267,0000",MOBIL,1
177,"267,0000 - 272,0000",MOBIL,1
178,"272,0000 - 273,0000",MOBIL,1
179,"273,0000 - 312,0000",MOBIL,1
180,"312,0000 - 315,0000",MOBIL,1
181,"315,0000 - 322,0000",MOBIL,1
182,"322,0000 - 328,6000",MOBIL,1
183,"322,0000 - 328,6000",RADIOASTRONOMIE,1
184,"328,6000 - 335,4000",RADIONAVIGATIE AERONAUTICA,1
185,"335,4000 - 380,0000",MOBIL,1
186,"380,0000 - 385,0000",MOBIL,1
187,"385,0000 – 387,0000",MOBIL,1
188,"387,0000 –390,0000",MOBIL,1
189,"390,0000 – 395,0000",MOBIL,1
190,"395,0000 – 399,9000",MOBIL,1
191,"399,9000 - 400,0500",MOBIL PRIN SATELIT (PAMÂNT-SPAȚIU),1
192,"400,0500 - 400,1500",FRECVENȚE ETALON ȘI SEMNALE ORARE PRIN SATELIT,1
193,"400,1500 - 401,0000",AUXILIAR METEOROLOGIC,1
194,"400,1500 - 401,0000",METEOROLOGIC PRIN SATELIT (PĂMÂNT-SPAȚIU),1
195,"400,1500 - 401,0000",MOBIL PRIN SATELIT (SPAȚIU-PĂMÂNT),1
196,"400,1500 - 401,0000",CERCETARE SPAȚIALĂ (SPAȚIU-PĂMÂNT),1
197,"400,1500 - 401,0000",EXPLOATARE SPAȚIALĂ (SPAȚIU-PĂMÂNT),1
198,"401,0000 - 402,0000",EXPLORAREA PAMÂNTULUI PRIN SATELIT  (PĂMÂNT-SPAȚIU),1
199,"401,0000 - 402,0000",AUXILIAR METEOROLOGIC,1
200,"401,0000 - 402,0000",METEOROLOGIC PRIN SATELIT (PĂMÂNT-SPAȚIU),1
201,"402,0000 - 403,0000",AUXILIAR METEOROLOGIC,1
202,"402,0000 - 403,0000",EXPLORAREA PAMÂNTULUI PRIN SATELIT  (PĂMÂNT-SPAȚIU),1
203,"402,0000 - 403,0000",METEOROLOGIC PRIN SATELIT (PĂMÂNT-SPAȚIU),1
204,"403,0000 – 404,0000",AUXILIAR METEOROLOGIC,1
205,"403,0000 – 404,0000",MOBIL TERESTRU,1
206,"404,0000 – 405,0000",AUXILIAR METEOROLOGIC,1
207,"405,0000 – 406,0000",AUXILIAR METEOROLOGIC,1
208,"406,0000 – 406,1000",MOBIL PRIN SATELIT (PĂMÂNT-SPAȚIU),1
209,"406,1000 – 408,0000",MOBIL TERESTRU,1
210,"406,1000 – 408,0000",RADIOASTRONOMIE,1
211,"408,0000 – 410,0000",MOBIL TERESTRU,1
212,"408,0000 – 410,0000",RADIOASTRONOMIE,1
213,"410,0000 – 411,0000",MOBIL CU EXCEPTIA MOBIL AERONAUTIC,1
214,"410,1000 – 415,0000",MOBIL CU EXCEPTIA MOBIL AERONAUTIC,1
215,"415,0000 – 420,0000",MOBIL CU EXCEPTIA MOBIL AERONAUTIC,1
216,"420,0000 – 421,0000",MOBIL CU EXCEPTIA MOBIL AERONAUTIC,1
217,"420,0000 – 421,0000",RADIOLOCAȚIE,1
218,"421,0000 – 425,0000",MOBIL CU EXCEPTIA MOBIL AERONAUTIC,1
219,"421,0000 – 425,0000",RADIOLOCAȚIE,1
220,"425,0000 – 429,8000",MOBIL CU EXCEPTIA MOBIL AERONAUTIC,1
221,"425,0000 – 429,8000",RADIOLOCAȚIE,1
222,"429,8000 – 430,0000",MOBIL CU EXCEPTIA MOBIL AERONAUTIC,1
223,"429,8000 – 430,0000",RADIOLOCAȚIE,1
224,"430,0000 – 432,0000",AMATOR,1
225,"430,0000 – 432,0000",RADIOLOCAȚIE,1
226,"430,0000 – 432,0000",MOBIL TERESTRU,1
227,"432,0000 – 433,0500",AMATOR,1
228,"432,0000 – 433,0500",RADIOLOCAȚIE,1
229,"432,0000 – 433,0500",EXPLORAREA PĂMÂNTULUI PRIN SATELIT (ACTIV),1
230,"433,0500 – 434,7900",AMATOR,1
231,"433,0500 – 434,7900",RADIOLOCAȚIE,1
232,"433,0500 – 434,7900",MOBIL TERESTRU,1
233,"433,0500 – 434,7900",EXPLORAREA PĂMÂNTULUI PRIN SATELIT (ACTIV),1
234,"434,7900 – 438,0000",AMATOR,1
235,"434,7900 – 438,0000",AMATOR PRIN SATELIT,1
236,"434,7900 – 438,0000",RADIOLOCAȚIE,1
237,"434,7900 – 438,0000",EXPLORAREA PĂMÂNTULUI PRIN SATELIT (ACTIV),1
238,"438,0000 – 440,0000",AMATOR,1
239,"438,0000 – 440,0000",RADIOLOCAȚIE,1
240,"440,0000 – 442,5000",MOBIL CU EXCEPȚIA MOBIL AERONAUTIC,1
241,"440,0000 – 442,5000",RADIOLOCAȚIE,1
242,"442,5000 – 444,0000",MOBIL CU EXCEPȚIA MOBIL AERONAUTIC,1
243,"442,5000 – 444,0000",RADIOLOCAȚIE,1
244,"444,0000 – 445,0000",MOBIL CU EXCEPȚIA MOBIL AERONAUTIC,1
245,"444,0000 – 445,0000",RADIOLOCAȚIE,1
246,"445,0000 – 446,0000",MOBIL CU EXCEPȚIA MOBIL AERONAUTIC,1
247,"445,0000 – 446,0000",RADIOLOCAȚIE,1
248,"446,0000 – 447,5000",MOBIL CU EXCEPȚIA MOBIL AERONAUTIC,1
249,"446,0000 – 447,5000",RADIOLOCAȚIE,1
250,"447,5000 – 449,0000",MOBIL CU EXCEPȚIA MOBIL AERONAUTIC,1
251,"447,5000 – 449,0000",RADIOLOCAȚIE,1
252,"449,0000 - 450,0000",MOBIL CU EXCEPȚIA MOBIL AERONAUTIC,1
253,"449,0000 - 450,0000",RADIOLOCAȚIE,1
254,"450,0000 – 450,5500",MOBIL,1
255,"450,5500 – 452,0000",MOBIL,1
256,"452,0000 – 453,0000",MOBIL,1
257,"453,0000 – 455,0000",MOBIL,1
258,"455,0000-456,0000",MOBIL,1
259,"456,0000 – 457,5000",MOBIL,1
260,"457,5000 – 458,2000",MOBIL,1
261,"458,2000 – 458,4500",MOBIL,1
262,"458,4500-459,0000",MOBIL,1
263,"459,0000 – 459,3000",MOBIL,1
264,"459,3000 – 459,7000",MOBIL,1
265,"459,7000 – 460,0000",MOBIL,1
266,"460,0000 – 460,5500",MOBIL,1
267,"460,5500 - 462,0000",MOBIL,1
268,"462,0000 - 463,0000",MOBIL,1
269,"463,0000 - 467,5000",MOBIL,1
270,"467,5000 - 468,2000",MOBIL,1
271,"468,2000-468,4500",MOBIL,1
272,"468,4500-469,4500",MOBIL,1
273,"469,4500-469,7000",MOBIL,1
274,"469,7000-470,0000",MOBIL,1
275,"470,0000 - 608,0000",RADIODIFUZIUNE,1
276,"470,0000 - 608,0000",MOBIL,1
277,"608,0000 - 614,0000",RADIODIFUZIUNE,1
278,"608,0000 - 614,0000",MOBIL,1
279,"608,0000 - 614,0000",RADIOASTRONOMIE,1
280,"614,0000 – 694,0000",RADIODIFUZIUNE,1
281,"614,0000 – 694,0000",MOBIL,1
282,"694,0000 – 698,0000",MOBIL CU EXCEPȚIA MOBIL AERONAUTIC,1
283,"698,0000 – 703,0000",MOBIL CU EXCEPȚIA MOBIL AERONAUTIC,1
284,"703,0000 – 733,0000",MOBIL CU EXCEPȚIA MOBIL AERONAUTIC,1
285,"733,0000 – 736,0000",MOBIL CU EXCEPȚIA MOBIL AERONAUTIC,1
286,"736,0000 – 753,0000",MOBIL CU EXCEPȚIA MOBIL AERONAUTIC,1
287,"753,0000  - 758,0000",MOBIL CU EXCEPȚIA MOBIL AERONAUTIC,1
288,"758,0000 – 788,0000",MOBIL CU EXCEPȚIA MOBIL AERONAUTIC,1
289,"788,0000 – 790,0000",MOBIL CU EXCEPȚIA MOBIL AERONAUTIC,1
290,"790,0000 - 791,0000",MOBIL CU EXCEPȚIA MOBIL AERONAUTIC,1
291,"791,0000 – 862,0000",MOBIL CU EXCEPȚIA MOBIL AERONAUTIC,1
292,"862,0000 - 870,0000",MOBIL,1
293,"870,0000-876,0000",MOBIL,1
294,"876,000 – 880,000",MOBIL,1
295,"880,0000-890,0000",MOBIL,1
296,"890,0000 – 915,0000",MOBIL,1
297,"915,0000 – 921,0000",MOBIL,1
298,"915,0000 – 921,0000",RADIOLOCAȚIE,1
299,"921,0000 – 925,0000",MOBIL,1
300,"921,0000 – 925,0000",RADIOLOCAȚIE,1
301,"925,0000 – 942,0000",MOBIL,1
302,"942,0000 – 960,0000",MOBIL,1
303,"960,00 – 1164,00",MOBIL AERONAUTIC (R),1
304,"960,00 – 1164,00",RADIONAVIGAŢIE AERONAUTICĂ,1
305,"960,00 – 1164,00",MOBIL AERONAUTIC PRIN SATELIT (R),1
306,"1164,00 – 1215,00",RADIONAVIGAŢIE AERONAUTICĂ,1
307,"1164,00 – 1215,00",RADIONAVIGAŢIE PRIN SATELIT (SPAŢIU-PĂMÂNT) (SPAŢIU-SPAŢIU),1
308,"1215,00 – 1240,00",EXPLORAREA PĂMÂNTULUI PRIN SATELIT (ACTIV),1
309,"1215,00 – 1240,00",RADIOLOCAŢIE,1
310,"1215,00 – 1240,00",RADIONAVIGAŢIE PRIN SATELIT (SPAŢIU-PĂMÂNT) (SPAŢIU-SPAŢIU),1
311,"1215,00 – 1240,00",CERCETARE SPAŢIALĂ (ACTIV),1
312,"1240,00 – 1300,00",EXPLORAREA PĂMÂNTULUI PRIN SATELIT (ACTIV),1
313,"1240,00 – 1300,00",RADIOLOCAŢIE,1
314,"1240,00 – 1300,00",CERCETARE SPAŢIALĂ (ACTIV),1
315,"1240,00 – 1300,00",RADIONAVIGAŢIE PRIN SATELIT (SPAŢIU-PĂMÂNT) (SPAŢIU-SPAŢIU),1
316,"1240,00 – 1300,00",AMATOR,1
317,"1240,00 – 1300,00",AMATOR PRIN SATELIT,1
318,"1300,00 – 1350,00",RADIONAVIGAŢIE AERONAUTICĂ ,1
319,"1300,00 – 1350,00",RADIOLOCAŢIE,1
320,"1300,00 – 1350,00",RADIONAVIGAŢIE PRIN SATELIT (PĂMÂNT-SPAŢIU),1
321,"1350,00 – 1362,50",FIX,1
322,"1350,00 – 1362,50",MOBIL,1
323,"1350,00 – 1362,50",RADIOLOCAŢIE,1
324,"1362,50 – 1400,00",FIX,1
325,"1362,50 – 1400,00",MOBIL,1
326,"1362,50 – 1400,00",RADIOLOCAŢIE,1
327,"1400,00 – 1427,00",EXPLORAREA PĂMÂNTULUI PRIN SATELIT (PASIV),1
328,"1400,00 – 1427,00",RADIOASTRONOMIE,1
329,"1400,00 – 1427,00",CERCETARE SPAŢIALĂ (PASIV),1
330,"1427,00 – 1429,00",FIX,1
331,"1427,00 – 1429,00",MOBIL CU EXCEPŢIA MOBIL AERONAUTIC,1
332,"1427,00 – 1429,00",EXPLOATARE SPAŢIALĂ (PĂMÂNT-SPAŢIU),1
333,"1429,00 – 1452,00",FIX,1
334,"1429,00 – 1452,00",MOBIL CU EXCEPŢIA MOBIL AERONAUTIC,1
335,"1452,00 – 1492,00",MOBIL CU EXCEPŢIA MOBIL AERONAUTIC,1
336,"1492,00 – 1504,50",FIX,1
337,"1492,00 – 1504,50",MOBIL CU EXCEPŢIA MOBIL AERONAUTIC,1
338,"1504,50 – 1518,00",FIX,1
339,"1504,50 – 1518,00",MOBIL CU EXCEPŢIA MOBIL AERONAUTIC,1
340,"1518,00 – 1525,00",FIX,1
341,"1518,00 – 1525,00",MOBIL CU EXCEPŢIA MOBIL AERONAUTIC,1
342,"1518,00 – 1525,00",MOBIL PRIN SATELIT (SPAŢIU-PĂMÂNT),1
343,"1525,00 – 1530,00",FIX,1
344,"1525,00 – 1530,00",MOBIL PRIN SATELIT (SPAŢIU-PĂMÂNT),1
345,"1525,00 – 1530,00",EXPLOATARE SPAŢIALĂ (SPAŢIU-PĂMÂNT),1
346,"1530,00 – 1535,00",MOBIL PRIN SATELIT (SPAŢIU-PĂMÂNT),1
347,"1530,00 – 1535,00",EXPLOATARE SPAŢIALĂ (SPAŢIU-PĂMÂNT),1
348,"1530,00 – 1535,00",EXPLORAREA PĂMÂNTULUI PRIN SATELIT,1
349,"1530,00 – 1535,00",FIX,1
350,"1530,00 – 1535,00",MOBIL CU EXCEPŢIA MOBIL AERONAUTIC,1
351,"1535,00 – 1550,00",MOBIL PRIN SATELIT (SPAŢIU-PĂMÂNT),1
352,"1550,00 – 1559,00",MOBIL PRIN SATELIT (SPAŢIU-PĂMÂNT),1
353,"1550,00 – 1559,00",FIX,1
354,"1559,00 – 1610,00",RADIONAVIGAŢIE AERONAUTICĂ,1
355,"1559,00 – 1610,00",RADIONAVIGAŢIE PRIN SATELIT (SPAŢIU-PĂMÂNT) (SPAŢIU-SPAŢIU),1
356,"1610,00 – 1610,60",RADIONAVIGAŢIE AERONAUTICĂ,1
357,"1610,00 – 1610,60",MOBIL PRIN SATELIT (PĂMÂNT-SPAŢIU),1
358,"1610,60 – 1613,80",RADIONAVIGAŢIE AERONAUTICĂ,1
359,"1610,60 – 1613,80",MOBIL PRIN SATELIT (PĂMÂNT-SPAŢIU),1
360,"1610,60 – 1613,80",RADIOASTRONOMIE,1
361,"1610,60 – 1613,80",FIX,1
362,"1613,80 – 1626,50",RADIONAVIGAŢIE AERONAUTICĂ,1
363,"1613,80 – 1626,50",MOBIL PRIN SATELIT (PĂMÂNT-SPAŢIU),1
364,"1613,80 – 1626,50",MOBIL PRIN SATELIT (SPAŢIU-PĂMÂNT),1
365,"1613,80 – 1626,50",FIX,1
366,"1626,50 – 1660,00",MOBIL PRIN SATELIT (PĂMÂNT-SPAŢIU),1
367,"1660,00 – 1660,50",MOBIL PRIN SATELIT (PĂMÂNT-SPAŢIU),1
368,"1660,50 – 1668,00",RADIOASTRONOMIE,1
369,"1660,50 – 1668,00",CERCETARE SPAŢIALĂ (PASIV),1
370,"1660,50 – 1668,00",FIX,1
371,"1660,50 – 1668,00",MOBIL CU EXCEPŢIA MOBIL AERONAUTIC,1
372,"1668,00 – 1668,40",MOBIL PRIN SATELIT (PĂMÂNT-SPAŢIU),1
373,"1668,00 – 1668,40",RADIOASTRONOMIE,1
374,"1668,00 – 1668,40",CERCETARE SPAŢIALĂ (PASIV),1
375,"1668,00 – 1668,40",FIX,1
376,"1668,00 – 1668,40","MOBIL CU EXCEPŢIA MOBIL
AERONAUTIC",1
377,"1668,40 – 1670,00",FIX,1
378,"1668,40 – 1670,00",AUXILIAR METEOROLOGIC,1
379,"1668,40 – 1670,00",MOBIL CU EXCEPŢIA MOBIL AERONAUTIC,1
380,"1668,40 – 1670,00",MOBIL PRIN SATELIT (PĂMÂNT-SPAŢIU),1
381,"1668,40 – 1670,00",RADIOASTRONOMIE,1
382,"1670,00 – 1675,00",FIX,1
383,"1670,00 – 1675,00",AUXILIAR METEOROLOGIC,1
384,"1670,00 – 1675,00",METEOROLOGIC PRIN SATELIT (SPAŢIU-PĂMÂNT),1
385,"1670,00 – 1675,00",MOBIL,1
386,"1670,00 – 1675,00",MOBIL PRIN SATELIT (PĂMÂNT-SPAŢIU),1
387,"1675,00 – 1690,00",FIX,1
388,"1675,00 – 1690,00",AUXILIAR METEOROLOGIC,1
389,"1675,00 – 1690,00",METEOROLOGIC PRIN SATELIT (SPAŢIU-PĂMÂNT),1
390,"1675,00 – 1690,00",MOBIL CU EXCEPŢIA MOBIL AERONAUTIC,1
391,"1690,00 – 1700,00",AUXILIAR METEOROLOGIC,1
392,"1690,00 – 1700,00",METEOROLOGIC PRIN SATELIT (SPAŢIU-PĂMÂNT),1
393,"1690,00 – 1700,00",FIX,1
394,"1690,00 – 1700,00",MOBIL CU EXCEPŢIA MOBIL AERONAUTIC,1
395,"1700,00 – 1710,00",FIX,1
396,"1700,00 – 1710,00",METEOROLOGIC PRIN SATELIT (SPAŢIU-PĂMÂNT),1
397,"1700,00 – 1710,00",MOBIL CU EXCEPŢIA MOBIL AERONAUTIC,1
398,"1710,00 – 1785,00",MOBIL,1
399,"1785,00 – 1800,00",FIX,1
400,"1785,00 – 1800,00",MOBIL,1
401,"1800,00 – 1805,00",FIX,1
402,"1800,00 – 1805,00",MOBIL,1
403,"1805,00 – 1880,00",MOBIL,1
404,"1880,00 – 1885,00",FIX,1
405,"1880,00 – 1885,00",MOBIL,1
406,"1885,00 – 1900,00",FIX,1
407,"1885,00 – 1900,00",MOBIL,1
408,"1900,00 – 1930,00",MOBIL,1
409,"1930,00 – 1970,00",MOBIL,1
410,"1970,00 – 1980,00",MOBIL,1
411,"1980,00 – 2010,00",MOBIL,1
412,"1980,00 – 2010,00",MOBIL PRIN SATELIT (PĂMÂNT-SPAŢIU),1
413,"1980,00 – 2010,00",FIX,1
414,"2010,00 – 2025,00",MOBIL,1
415,"2010,00 – 2025,00",FIX,1
416,"2025,00 – 2059,50",FIX,1
417,"2025,00 – 2059,50",MOBIL,1
418,"2025,00 – 2059,50",EXPLORAREA PĂMÂNTULUI PRIN SATELIT (PĂMÂNT-SPAŢIU) (SPAŢIU-SPAŢIU),1
419,"2025,00 – 2059,50",EXPLOATARE SPAŢIALĂ (PĂMÂNT-SPAŢIU) (SPAŢIU-SPAŢIU),1
420,"2025,00 – 2059,50",CERCETARE SPAŢIALĂ (PĂMÂNT-SPAŢIU) (SPAŢIU-SPAŢIU),1
421,"2059,50 – 2110,00",FIX,1
422,"2059,50 – 2110,00",MOBIL,1
423,"2059,50 – 2110,00",EXPLORAREA PĂMÂNTULUI PRIN SATELIT (PĂMÂNT-SPAŢIU) (SPAŢIU-SPAŢIU),1
424,"2059,50 – 2110,00",EXPLOATARE SPAŢIALĂ (PĂMÂNT-SPAŢIU) (SPAŢIU-SPAŢIU),1
425,"2059,50 – 2110,00",CERCETARE SPAŢIALĂ (PĂMÂNT-SPAŢIU) (SPAŢIU-SPAŢIU),1
426,"2110,00 – 2120,00",MOBIL,1
427,"2110,00 – 2120,00",CERCETARE SPAŢIALĂ (SPAŢIU ÎNDEPĂRTAT) (PĂMÂNT-SPAŢIU),1
428,"2120,00 – 2170,00",MOBIL,1
429,"2170,00 – 2200,00",MOBIL,1
430,"2170,00 – 2200,00",MOBIL PRIN SATELIT (SPAŢIU-PĂMÂNT),1
431,"2200,00 – 2234,50",FIX,1
432,"2200,00 – 2234,50",MOBIL,1
433,"2200,00 – 2234,50",EXPLORAREA PĂMÂNTULUI PRIN SATELIT (SPAŢIU-PĂMÂNT) (SPAŢIU-SPAŢIU),1
434,"2200,00 – 2234,50",EXPLOATARE SPAŢIALĂ (SPAŢIU-PĂMÂNT) (SPAŢIU-SPAŢIU),1
435,"2200,00 – 2234,50",CERCETARE SPAŢIALĂ (SPAŢIU-PĂMÂNT) (SPAŢIU-SPAŢIU),1
436,"2234,50 – 2290,00",FIX,1
437,"2234,50 – 2290,00",MOBIL,1
438,"2234,50 – 2290,00",EXPLORAREA PĂMÂNTULUI PRIN SATELIT (SPAŢIU-PĂMÂNT) (SPAŢIU-SPAŢIU),1
439,"2234,50 – 2290,00",EXPLOATARE SPAŢIALĂ (SPAŢIU-PĂMÂNT) (SPAŢIU-SPAŢIU),1
440,"2234,50 – 2290,00",CERCETARE SPAŢIALĂ (SPAŢIU-PĂMÂNT) (SPAŢIU-SPAŢIU),1
441,"2290,00 – 2300,00",FIX,1
442,"2290,00 – 2300,00",CERCETARE SPAŢIALĂ (SPAŢIU ÎNDEPĂRTAT)(SPAŢIU-PĂMÂNT),1
443,"2290,00 – 2300,00",MOBIL CU EXCEPŢIA MOBIL AERONAUTIC,1
444,"2300,00 – 2335,00",FIX,1
445,"2300,00 – 2335,00",MOBIL,1
446,"2300,00 – 2335,00",AMATOR,1
447,"2300,00 – 2335,00",RADIOLOCAŢIE,1
448,"2335,00 – 2400,00",FIX,1
449,"2335,00 – 2400,00",MOBIL,1
450,"2335,00 – 2400,00",AMATOR,1
451,"2335,00 – 2400,00",RADIOLOCAŢIE,1
452,"2400,00 – 2450,00",FIX,1
453,"2400,00 – 2450,00",MOBIL,1
454,"2400,00 – 2450,00",AMATOR,1
455,"2400,00 – 2450,00",AMATOR PRIN SATELIT,1
456,"2400,00 – 2450,00",RADIOLOCAŢIE,1
457,"2450,00 – 2483,50",FIX,1
458,"2450,00 – 2483,50",MOBIL,1
459,"2450,00 – 2483,50",RADIOLOCAŢIE,1
460,"2483,50 – 2500,00",FIX,1
461,"2483,50 – 2500,00",MOBIL,1
462,"2483,50 – 2500,00",MOBIL PRIN SATELIT (SPAŢIU-PĂMÂNT),1
463,"2500,00 – 2520,00",MOBIL CU EXCEPŢIA MOBIL AERONAUTIC,1
464,"2520,00 – 2655,00",MOBIL CU EXCEPŢIA MOBIL AERONAUTIC,1
465,"2655,00 – 2670,00",MOBIL CU EXCEPŢIA MOBIL AERONAUTIC,1
466,"2655,00 – 2670,00",EXPLORAREA PĂMÂNTULUI PRIN SATELIT (PASIV),1
467,"2655,00 – 2670,00",RADIOASTRONOMIE,1
468,"2655,00 – 2670,00",CERCETARE SPAŢIALĂ (PASIV),1
469,"2670,00 – 2690,00",MOBIL CU EXCEPŢIA MOBIL AERONAUTIC,1
470,"2670,00 – 2690,00",RADIOASTRONOMIE,1
471,"2690,00 – 2700,00",EXPLORAREA PĂMÂNTULUI PRIN SATELIT (PASIV),1
472,"2690,00 – 2700,00",RADIOASTRONOMIE,1
473,"2690,00 – 2700,00",CERCETARE SPAŢIALĂ (PASIV),1
474,"2700,00 – 2900,00",RADIONAVIGAŢIE AERONAUTICĂ,1
475,"2700,00 – 2900,00",RADIOLOCAŢIE,1
476,"2900,00 – 3100,00",RADIOLOCAŢIE,1
477,"2900,00 – 3100,00",RADIONAVIGAŢIE,1
478,"3100,00 – 3300,00",RADIOLOCAŢIE,1
479,"3100,00 – 3300,00",EXPLORAREA PĂMÂNTULUI PRIN SATELIT (ACTIV),1
480,"3100,00 – 3300,00",CERCETARE SPAŢIALĂ (ACTIV),1
481,"3300,00 – 3400,00",RADIOLOCAŢIE,1
482,"3400,00 – 3600,00",FIX,1
483,"3400,00 – 3600,00",MOBIL CU EXCEPŢIA MOBIL AERONAUTIC,1
484,"3400,00 – 3600,00",FIX PRIN SATELIT (SPAŢIU-PĂMÂNT),1
485,"3600,00 – 3645,00",FIX,1
486,"3600,00 – 3645,00",MOBIL,1
487,"3600,00 – 3645,00",FIX PRIN SATELIT (SPAŢIU-PĂMÂNT),1
488,"3645,00 – 3655,00",FIX,1
489,"3645,00 – 3655,00",MOBIL,1
490,"3645,00 – 3655,00",FIX PRIN SATELIT (SPAŢIU-PĂMÂNT),1
491,"3655,00 – 3700,00",FIX,1
492,"3655,00 – 3700,00",MOBIL,1
493,"3655,00 – 3700,00",FIX PRIN SATELIT (SPAŢIU-PĂMÂNT),1
494,"3700,00 – 3800,00",FIX,1
495,"3700,00 – 3800,00",MOBIL,1
496,"3700,00 – 3800,00",FIX PRIN SATELIT (SPAŢIU-PĂMÂNT),1
497,"3800,00 – 4200,00",FIX,1
498,"3800,00 – 4200,00",FIX PRIN SATELIT (SPAŢIU-PĂMÂNT),1
499,"4200,00 – 4400,00",MOBIL AERONAUTIC (R),1
500,"4200,00 – 4400,00",RADIONAVIGAŢIE AERONAUTICĂ,1
501,"4400,00 – 4500,00",FIX,1
502,"4400,00 – 4500,00",MOBIL,1
503,"4500,00 – 4800,00",FIX,1
504,"4500,00 – 4800,00",FIX PRIN SATELIT (SPAŢIU-PĂMÂNT),1
505,"4500,00 – 4800,00",MOBIL,1
506,"4800,00 – 4990,00",FIX,1
507,"4800,00 – 4990,00",MOBIL,1
508,"4800,00 – 4990,00",RADIOASTRONOMIE,1
509,"4990,00 – 5000,00",FIX,1
510,"4990,00 – 5000,00",MOBIL CU EXCEPŢIA MOBIL AERONAUTIC,1
511,"4990,00 – 5000,00",RADIOASTRONOMIE,1
512,"5000,00 – 5010,00",MOBIL AERONAUTIC PRIN SATELIT (R),1
513,"5000,00 – 5010,00",RADIONAVIGAŢIE AERONAUTICĂ,1
514,"5000,00 – 5010,00",RADIONAVIGAŢIE PRIN SATELIT (PĂMÂNT-SPAŢIU),1
515,"5000,00 – 5010,00",RADIOASTRONOMIE,1
516,"5000,00 – 5010,00",CERCETARE SPAŢIALĂ (PASIV),1
517,"5010,00 – 5030,00",MOBIL AERONAUTIC PRIN SATELIT (R),1
518,"5010,00 – 5030,00",RADIONAVIGAŢIE AERONAUTICĂ,1
519,"5010,00 – 5030,00",RADIONAVIGAŢIE PRIN SATELIT (SPAŢIU-PĂMÂNT) (SPAŢIU-SPAŢIU),1
520,"5010,00 – 5030,00",RADIOASTRONOMIE,1
521,"5010,00 – 5030,00",CERCETARE SPAŢIALĂ (PASIV),1
522,"5030,00 – 5091,00",MOBIL AERONAUTIC (R),1
523,"5030,00 – 5091,00",MOBIL AERONAUTIC PRIN SATELIT (R),1
524,"5030,00 – 5091,00",RADIONAVIGAŢIE AERONAUTICĂ,1
525,"5091,00 – 5150,00",FIX PRIN SATELIT (PĂMÂNT-SPAȚIU),1
526,"5091,00 – 5150,00",MOBIL AERONAUTIC,1
527,"5091,00 – 5150,00",MOBIL AERONAUTIC PRIN SATELIT (R),1
528,"5091,00 – 5150,00",RADIONAVIGAŢIE AERONAUTICĂ,1
529,"5150,00 – 5250,00",FIX PRIN SATELIT (PĂMÂNT-SPAŢIU),1
530,"5150,00 – 5250,00",MOBIL CU EXCEPŢIA MOBIL AERONAUTIC,1
531,"5150,00 – 5250,00",RADIONAVIGAŢIE AERONAUTICĂ,1
532,"5250,00 – 5255,00",EXPLORAREA PĂMÂNTULUI PRIN SATELIT (ACTIV),1
533,"5250,00 – 5255,00",MOBIL CU EXCEPŢIA MOBIL AERONAUTIC,1
534,"5250,00 – 5255,00",RADIOLOCAŢIE,1
535,"5250,00 – 5255,00",CERCETARE SPAŢIALĂ,1
536,"5250,00 – 5255,00",RADIONAVIGAŢIE,1
537,"5255,00 – 5350,00",EXPLORAREA PĂMÂNTULUI PRIN SATELIT (ACTIV),1
538,"5255,00 – 5350,00",MOBIL CU EXCEPŢIA MOBIL AERONAUTIC,1
539,"5255,00 – 5350,00",RADIOLOCAŢIE,1
540,"5255,00 – 5350,00",CERCETARE SPAŢIALĂ (ACTIV),1
541,"5255,00 – 5350,00",RADIONAVIGAŢIE,1
542,"5350,00 – 5460,00",EXPLORAREA PĂMÂNTULUI PRIN SATELIT (ACTIV),1
543,"5350,00 – 5460,00",RADIOLOCAŢIE,1
544,"5350,00 – 5460,00",RADIONAVIGAŢIE AERONAUTICĂ,1
545,"5350,00 – 5460,00",CERCETARE SPAŢIALĂ (ACTIV),1
546,"5460,00 – 5470,00",EXPLORAREA PĂMÂNTULUI PRIN SATELIT (ACTIV),1
547,"5460,00 – 5470,00",RADIOLOCAŢIE,1
548,"5460,00 – 5470,00",RADIONAVIGAŢIE,1
549,"5460,00 – 5470,00",CERCETARE SPAŢIALĂ (ACTIV),1
550,"5470,00 – 5570,00",EXPLORAREA PĂMÂNTULUI PRIN SATELIT (ACTIV),1
551,"5470,00 – 5570,00",MOBIL CU EXCEPŢIA MOBIL AERONAUTIC,1
552,"5470,00 – 5570,00",RADIOLOCAŢIE,1
553,"5470,00 – 5570,00",RADIONAVIGAŢIE MARITIMĂ,1
554,"5470,00 – 5570,00",RADIONAVIGAŢIE AERONAUTICĂ,1
555,"5470,00 – 5570,00",CERCETARE SPAŢIALĂ (ACTIV),1
556,"5570,00 – 5650,00",MOBIL CU EXCEPŢIA MOBIL AERONAUTIC,1
557,"5570,00 – 5650,00",RADIOLOCAŢIE,1
558,"5570,00 – 5650,00",RADIONAVIGAŢIE MARITIMA,1
559,"5570,00 – 5650,00",RADIONAVIGAŢIE AERONAUTICĂ,1
560,"5650,00 – 5725,00",MOBIL CU EXCEPŢIA MOBIL AERONAUTIC,1
561,"5650,00 – 5725,00",RADIOLOCAŢIE,1
562,"5650,00 – 5725,00",AMATOR,1
563,"5650,00 – 5725,00",AMATOR PRIN SATELIT (PĂMÂNT-SPAŢIU),1
564,"5725,00 – 5830,00",FIX PRIN SATELIT (PĂMÂNT-SPAŢIU),1
565,"5725,00 – 5830,00",RADIOLOCAŢIE,1
566,"5725,00 – 5830,00",FIX,1
567,"5725,00 – 5830,00",AMATOR,1
568,"5725,00 – 5830,00",MOBIL,1
569,"5830,00 – 5850,00",FIX PRIN SATELIT (PĂMÂNT-SPAŢIU),1
570,"5830,00 – 5850,00",RADIOLOCAŢIE,1
571,"5830,00 – 5850,00",FIX,1
572,"5830,00 – 5850,00",AMATOR,1
573,"5830,00 – 5850,00",AMATOR PRIN SATELIT (SPAŢIU-PĂMÂNT),1
574,"5830,00 – 5850,00",MOBIL,1
575,"5850,00 – 5925,00",FIX,1
576,"5850,00 – 5925,00",FIX PRIN SATELIT (PĂMÂNT-SPAŢIU),1
577,"5850,00 – 5925,00",MOBIL,1
578,"5925,00 – 6425,00",FIX,1
579,"5925,00 – 6425,00",FIX PRIN SATELIT (PĂMÂNT-SPAŢIU),1
580,"5925,00 – 6425,00",MOBIL,1
581,"5925,00 – 6425,00",EXPLORAREA PĂMÂNTULUI PRIN SATELIT (PASIV),1
582,"6425,00 – 6700,00",FIX,1
583,"6425,00 – 6700,00",FIX PRIN SATELIT (PĂMÂNT-SPAŢIU),1
584,"6425,00 – 6700,00",EXPLORAREA PĂMÂNTULUI PRIN SATELIT (PASIV),1
585,"6700,00 – 7075,00",FIX,1
586,"6700,00 – 7075,00",FIX PRIN SATELIT (PĂMÂNT-SPAŢIU) (SPAŢIU-PĂMÂNT),1
587,"6700,00 – 7075,00",EXPLORAREA PĂMÂNTULUI PRIN SATELIT (PASIV),1
588,"7075,00 – 7125,00",FIX,1
589,"7075,00 – 7125,00",EXPLORAREA PĂMÂNTULUI PRIN SATELIT (PASIV),1
590,"7125,00 – 7145,00",FIX,1
591,"7125,00 – 7145,00",EXPLORAREA PĂMÂNTULUI PRIN SATELIT (PASIV),1
592,"7145,00 – 7190,00",FIX,1
593,"7145,00 – 7190,00",CERCETARE SPAŢIALĂ (SPAȚIU ÎNDEPĂRTAT) (PĂMÂNT-SPAŢIU),1
594,"7145,00 – 7190,00",EXPLOATARE SPAŢIALĂ (PĂMÂNT-SPAŢIU),1
595,"7190,00 – 7235,00",EXPLORAREA PĂMÂNTULUI PRIN SATELIT (PĂMÂNT-SPAŢIU),1
596,"7190,00 – 7235,00",CERCETARE SPAŢIALĂ (PĂMÂNT-SPAŢIU),1
597,"7190,00 – 7235,00",FIX,1
598,"7235,00 – 7250,00",EXPLORAREA PĂMÂNTULUI PRIN SATELIT (PĂMÂNT-SPAŢIU),1
599,"7235,00 – 7250,00",FIX,1
600,"7235,00 – 7250,00",CERCETARE SPAŢIALĂ (PĂMÂNT-SPAŢIU),1
601,"7250,00 – 7300,00",FIX,1
602,"7250,00 – 7300,00",FIX PRIN SATELIT (SPAŢIU-PĂMÂNT),1
603,"7250,00 – 7300,00",MOBIL,1
604,"7300,00 – 7375,00",FIX,1
605,"7300,00 – 7375,00",FIX PRIN SATELIT (SPAŢIU-PĂMÂNT),1
606,"7300,00 – 7375,00",MOBIL CU EXCEPŢIA MOBIL AERONAUTIC,1
607,"7375,00 – 7425,00",FIX,1
608,"7375,00 – 7425,00",FIX PRIN SATELIT (SPAŢIU-PĂMÂNT),1
609,"7375,00 – 7425,00",MOBIL MARITIM PRIN SATELIT (SPAȚIU-PĂMÂNT),1
610,"7375,00 – 7425,00",MOBIL CU EXCEPŢIA MOBIL AERONAUTIC,1
611,"7425,00 – 7450,00",FIX,1
612,"7425,00 – 7450,00",FIX PRIN SATELIT (SPAŢIU-PĂMÂNT),1
613,"7425,00 – 7450,00",MOBIL MARITIM PRIN SATELIT (SPAȚIU-PĂMÂNT),1
614,"7425,00 – 7450,00",MOBIL CU EXCEPŢIA MOBIL AERONAUTIC,1
615,"7450,00 – 7484,00",FIX,1
616,"7450,00 – 7484,00",FIX PRIN SATELIT (SPAŢIU-PĂMÂNT),1
617,"7450,00 – 7484,00",MOBIL MARITIM PRIN SATELIT (SPAȚIU-PĂMÂNT),1
618,"7450,00 – 7484,00",METEOROLOGIC PRIN SATELIT (SPAŢIU-PĂMÂNT),1
619,"7450,00 – 7484,00",MOBIL CU EXCEPŢIA MOBIL AERONAUTIC,1
620,"7484,00 – 7550,00",FIX,1
621,"7484,00 – 7550,00",FIX PRIN SATELIT (SPAŢIU-PĂMÂNT),1
622,"7484,00 – 7550,00",MOBIL MARITIM PRIN SATELIT (SPAȚIU-PĂMÂNT),1
623,"7484,00 – 7550,00",METEOROLOGIC PRIN SATELIT (SPAŢIU-PĂMÂNT),1
624,"7484,00 – 7550,00",MOBIL CU EXCEPŢIA MOBIL AERONAUTIC,1
625,"7550,00 – 7568,00",FIX,1
626,"7550,00 – 7568,00",FIX PRIN SATELIT (SPAŢIU-PĂMÂNT),1
627,"7550,00 – 7568,00",MOBIL MARITIM PRIN SATELIT (SPAȚIU-PĂMÂNT),1
628,"7550,00 – 7568,00",MOBIL CU EXCEPŢIA MOBIL AERONAUTIC,1
629,"7568,00 – 7638,00",FIX,1
630,"7568,00 – 7638,00",FIX PRIN SATELIT (SPAŢIU-PĂMÂNT),1
631,"7568,00 – 7638,00",MOBIL MARITIM PRIN SATELIT (SPAȚIU-PĂMÂNT),1
632,"7568,00 – 7638,00",MOBIL CU EXCEPŢIA MOBIL AERONAUTIC,1
633,"7638,00 – 7725,00",FIX,1
634,"7638,00 – 7725,00",FIX PRIN SATELIT (SPAŢIU-PĂMÂNT),1
635,"7638,00 – 7725,00",MOBIL MARITIM PRIN SATELIT (SPAȚIU-PĂMÂNT),1
636,"7638,00 – 7725,00",MOBIL CU EXCEPŢIA MOBIL AERONAUTIC,1
637,"7725,00 – 7750,00",FIX,1
638,"7725,00 – 7750,00",FIX PRIN SATELIT (SPAŢIU-PĂMÂNT),1
639,"7725,00 – 7750,00",MOBIL MARITIM PRIN SATELIT (SPAȚIU-PĂMÂNT),1
640,"7725,00 – 7750,00",MOBIL CU EXCEPŢIA MOBIL AERONAUTIC,1
641,"7750,00 – 7900,00",FIX,1
642,"7750,00 – 7900,00",METEOROLOGIC PRIN SATELIT (SPAŢIU-PĂMÂNT),1
643,"7750,00 – 7900,00",MOBIL CU EXCEPŢIA MOBIL AERONAUTIC,1
644,"7900,00 – 8025,00",FIX,1
645,"7900,00 – 8025,00",FIX PRIN SATELIT (PĂMÂNT-SPAŢIU),1
646,"7900,00 – 8025,00",MOBIL,1
647,"8025,00 – 8175,00",EXPLORAREA PĂMÂNTULUI PRIN SATELIT (SPAŢIU-PĂMÂNT),1
648,"8025,00 – 8175,00",FIX,1
649,"8025,00 – 8175,00",FIX PRIN SATELIT (PĂMÂNT-SPAŢIU),1
650,"8025,00 – 8175,00",MOBIL ,1
651,"8175,00 – 8215,00",EXPLORAREA PĂMÂNTULUI PRIN SATELIT (SPAŢIU-PĂMÂNT),1
652,"8175,00 – 8215,00",FIX,1
653,"8175,00 – 8215,00",FIX PRIN SATELIT (PĂMÂNT-SPAŢIU),1
654,"8175,00 – 8215,00",METEOROLOGIC PRIN SATELIT (PĂMÂNT-SPAŢIU,1
655,"8175,00 – 8215,00",MOBIL,1
656,"8215,00 – 8400,00",EXPLORAREA PĂMÂNTULUI PRIN SATELIT (SPAŢIU-PĂMÂNT),1
657,"8215,00 – 8400,00",FIX,1
658,"8215,00 – 8400,00",FIX PRIN SATELIT (PĂMÂNT-SPAŢIU),1
659,"8215,00 – 8400,00",MOBIL,1
660,"8400,00 – 8500,00",FIX,1
661,"8400,00 – 8500,00",CERCETARE SPAŢIALĂ (SPAŢIU-PĂMÂNT),1
662,"8400,00 – 8500,00",RADIOLOCAŢIE,1
663,"8500,00 – 8550,00",RADIOLOCAŢIE,1
664,"8500,00 – 8550,00",RADIONAVIGAŢIE,1
665,"8550,00 – 8650,00",CERCETARE SPAŢIALĂ (ACTIV),1
666,"8550,00 – 8650,00",EXPLORAREA PĂMÂNTULUI PRIN SATELIT (ACTIV),1
667,"8550,00 – 8650,00",RADIOLOCAŢIE,1
668,"8550,00 – 8650,00",RADIONAVIGAŢIE,1
669,"8650,00 – 8750,00",RADIOLOCAŢIE,1
670,"8650,00 – 8750,00",RADIONAVIGAŢIE,1
671,"8750,00 – 8850,00",RADIONAVIGAŢIE AERONAUTICĂ,1
672,"8750,00 – 8850,00",RADIOLOCAŢIE,1
673,"8750,00 – 8850,00",CERCETARE SPAŢIALĂ,1
674,"8850,00 – 9000,00",RADIONAVIGAŢIE MARITIMA,1
675,"8850,00 – 9000,00",RADIOLOCAŢIE,1
676,"8850,00 – 9000,00",RADIONAVIGAŢIE,1
677,"8850,00 – 9000,00",CERCETARE SPAŢIALĂ,1
678,"9000,00 – 9200,00",RADIONAVIGAŢIE AERONAUTICĂ,1
679,"9000,00 – 9200,00",RADIOLOCAŢIE,1
680,"9000,00 – 9200,00",CERCETARE SPAŢIALĂ,1
681,"9200,00 – 9300,00",EXPLORAREA PĂMÂNTULUI PRIN SATELIT (ACTIV),1
682,"9200,00 – 9300,00",RADIONAVIGAŢIE MARITIMĂ,1
683,"9200,00 – 9300,00",RADIOLOCAŢIE,1
684,"9200,00 – 9300,00",RADIONAVIGAŢIE,1
685,"9200,00 – 9300,00",CERCETARE SPAŢIALĂ,1
686,"9300,00 – 9500,00",EXPLORAREA PĂMÂNTULUI PRIN SATELIT (ACTIV),1
687,"9300,00 – 9500,00",CERCETARE SPAŢIALĂ (ACTIV),1
688,"9300,00 – 9500,00",RADIOLOCAŢIE,1
689,"9300,00 – 9500,00",RADIONAVIGAŢIE,1
690,"9500,00 – 9800,00",EXPLORAREA PĂMÂNTULUI PRIN SATELIT (ACTIV),1
691,"9500,00 – 9800,00",CERCETARE SPAŢIALĂ (ACTIV),1
692,"9500,00 – 9800,00",RADIOLOCAŢIE,1
693,"9500,00 – 9800,00",RADIONAVIGAŢIE,1
694,"9800,00 – 9900,00",RADIOLOCAŢIE,1
695,"9800,00 – 9900,00",RADIONAVIGAŢIE,1
696,"9800,00 – 9900,00",EXPLORAREA PĂMÂNTULUI PRIN SATELIT (ACTIV),1
697,"9800,00 – 9900,00",CERCETARE SPAŢIALĂ (ACTIV),1
698,"9900,00 – 10000,00",EXPLORAREA PĂMÂNTULUI PRIN SATELIT (ACTIV),1
699,"9900,00 – 10000,00",RADIOLOCAŢIE,1
700,"9900,00 – 10000,00",RADIONAVIGAŢIE,1